{"returned_episode_returns":522.2175903320312,"update_step":3906,"_runtime":29228.207390939,"returned_episode_lengths":1000,"_wandb":{"runtime":29249},"returned_episode":0.0009999999310821295,"env_step":999936000,"_step":3905,"_timestamp":1.7416074791076863e+09}