{"env_step":6272000,"_runtime":242.095369754,"update_step":49,"_step":48,"returned_episode":0.0009999999310821295,"_timestamp":1.7423489664719713e+09,"returned_episode_lengths":1000,"returned_episode_returns":0,"_wandb":{"runtime":246}}