{"returned_episode_returns":97.69645690917969,"update_step":39,"_runtime":316.441970426,"env_step":9984000,"_wandb":{"runtime":330},"returned_episode_lengths":1000,"returned_episode":0.0009999999310821295,"_step":38,"_timestamp":1.741607962683624e+09}