{"_runtime":876.510166834,"update_step":350,"env_step":89600000,"returned_episode":0.0010000000474974513,"returned_episode_lengths":1000.0000610351562,"returned_episode_returns":19.262454986572266,"_timestamp":1.742348452114059e+09,"_step":349,"_wandb":{"runtime":879}}