{"_runtime":501.818954545,"_step":77,"returned_episode_lengths":1000,"returned_episode_returns":32.851261138916016,"update_step":78,"_wandb":{"runtime":717},"_timestamp":1.7416221481523101e+09,"env_step":9984000,"returned_episode":0.0020000000949949026}