{"env_step":12032000,"_timestamp":1.7415750304081967e+09,"_wandb":{"runtime":462},"returned_episode_lengths":1000,"returned_episode_returns":433.3755798339844,"_runtime":457.680492509,"update_step":94,"_step":93,"returned_episode":0.0009999999310821295}