{"_runtime":194.601427061,"_wandb":{"runtime":197},"update_step":71,"returned_episode":0.0010000000474974513,"_step":70,"returned_episode_lengths":1000.0000610351562,"_timestamp":1.7423486647167761e+09,"returned_episode_returns":158.78103637695312,"env_step":18176000}