{"update_step":21,"_wandb":{"runtime":114},"_timestamp":1.7415755343751762e+09,"_runtime":109.680466717,"returned_episode_returns":-0.3022080063819885,"returned_episode":0.0010000000474974513,"returned_episode_lengths":1000,"_step":20,"env_step":10500000}