{"_timestamp":1.7423519183561332e+09,"returned_episode_returns":230.6092529296875,"_runtime":718.891863845,"env_step":24320000,"returned_episode_lengths":1000,"update_step":95,"returned_episode":0.0009999999310821295,"_step":94,"_wandb":{"runtime":726}}