{"_timestamp":1.74161884294609e+09,"returned_episode":0.0020000000949949026,"env_step":9984000,"returned_episode_returns":31.18453598022461,"update_step":78,"returned_episode_lengths":1000,"_wandb":{"runtime":519},"_step":77,"_runtime":483.643280138}