{"returned_episode":0.0009999999310821295,"returned_episode_returns":112.32579040527344,"update_step":424,"_step":423,"returned_episode_lengths":1000,"_timestamp":1.7423509548078966e+09,"env_step":54272000,"_runtime":1901.965365771,"_wandb":{"runtime":1906}}