{"_step":128,"_timestamp":1.7423528449327362e+09,"returned_episode":0,"returned_episode_lengths":1000,"returned_episode_returns":20.52329444885254,"update_step":129,"_wandb":{"runtime":728},"env_step":16512000,"_runtime":723.084146596}