{"returned_episode":0,"returned_episode_lengths":1000,"returned_episode_returns":16.84013557434082,"_runtime":79.957321389,"update_step":9,"_wandb":{"runtime":85},"env_step":1152000,"_timestamp":1.7416242871099744e+09,"_step":8}