{"returned_episode_returns":297.7847595214844,"returned_episode_lengths":1000,"returned_episode":0,"_wandb":{"runtime":339},"env_step":7296000,"_timestamp":1.7423532059200428e+09,"_runtime":334.121713877,"update_step":57,"_step":56}