{"env_step":8704000,"update_step":68,"_step":67,"_runtime":392.508414222,"returned_episode":0.0020000000949949026,"returned_episode_returns":2.796191453933716,"_timestamp":1.7423536145364108e+09,"_wandb":{"runtime":398},"returned_episode_lengths":1000}