{"returned_episode_returns":2060.625,"returned_episode_lengths":1000,"update_step":418,"_wandb":{"runtime":356},"env_step":10700800,"_runtime":355.255174209,"_step":417,"returned_episode":0,"_timestamp":1.741570922593603e+09}