{"returned_episode":0.0010000000474974513,"_runtime":148.615463473,"_step":30,"returned_episode_returns":126.1052474975586,"_wandb":{"runtime":153},"_timestamp":1.741575813557895e+09,"returned_episode_lengths":1000,"env_step":15500000,"update_step":31}