{"returned_episode_lengths":1000,"_step":12,"_wandb":{"runtime":125},"returned_episode_returns":74.84700012207031,"update_step":13,"returned_episode":0.0009999999310821295,"_timestamp":1.742351178740263e+09,"_runtime":117.923160251,"env_step":3328000}