{"returned_episode_lengths":1000,"_step":215,"returned_episode_returns":306.14599609375,"returned_episode":0.0009999999310821295,"_wandb":{"runtime":1633},"env_step":55296000,"_timestamp":1.7415780948664317e+09,"_runtime":1625.508215175,"update_step":216}